name,date,teamID
Riley Priddy,45161,MSOC
Riley Priddy,45162,MSOC
Riley Priddy,45163,MSOC
Riley Priddy,45164,MSOC
Riley Priddy,45161,MSOC
Riley Priddy,45167,MSOC
Riley Priddy,45168,MSOC
Riley Priddy,45161,MSOC
Riley Priddy,45171,MSOC
Riley Priddy,45161,MSOC
Riley Priddy,45161,MSOC
Riley Priddy,45174,MSOC
Riley Priddy,45161,MSOC
Riley Priddy,45176,MSOC
Riley Priddy,45161,MSOC
Riley Priddy,45161,MSOC
Riley Priddy,45180,MSOC
Riley Priddy,45161,MSOC
Riley Priddy,45182,MSOC
Ben King,45161,MSOC
Ben King,45162,MSOC
Ben King,45165,MSOC
Ben King,45161,MSOC
Ben King,45167,MSOC
Ben King,45168,MSOC
Ben King,45161,MSOC
Ben King,45171,MSOC
Ben King,45161,MSOC
Ben King,45161,MSOC
Ben King,45174,MSOC
Ben King,45161,MSOC
Ben King,45176,MSOC
Ben King,45161,MSOC
Ben King,45161,MSOC
Ben King,45180,MSOC
Ben King,45161,MSOC
Danny Arizmendi,45161,MSOC
Danny Arizmendi,45162,MSOC
Danny Arizmendi,45163,MSOC
Danny Arizmendi,45164,MSOC
Danny Arizmendi,45161,MSOC
Danny Arizmendi,45167,MSOC
Danny Arizmendi,45168,MSOC
Danny Arizmendi,45161,MSOC
Danny Arizmendi,45170,MSOC
Danny Arizmendi,45171,MSOC
Danny Arizmendi,45161,MSOC
Danny Arizmendi,45161,MSOC
Danny Arizmendi,45174,MSOC
Danny Arizmendi,45161,MSOC
Danny Arizmendi,45176,MSOC
Danny Arizmendi,45161,MSOC
Danny Arizmendi,45178,MSOC
Danny Arizmendi,45161,MSOC
Danny Arizmendi,45180,MSOC
Danny Arizmendi,45161,MSOC
Danny Arizmendi,45182,MSOC
Shawn Rapal,45161,MSOC
Shawn Rapal,45162,MSOC
Shawn Rapal,45163,MSOC
Shawn Rapal,45164,MSOC
Shawn Rapal,45165,MSOC
Shawn Rapal,45161,MSOC
Shawn Rapal,45167,MSOC
Shawn Rapal,45161,MSOC
Shawn Rapal,45161,MSOC
Shawn Rapal,45161,MSOC
Shawn Rapal,45174,MSOC
Shawn Rapal,45161,MSOC
Shawn Rapal,45161,MSOC
Shawn Rapal,45161,MSOC
Shawn Rapal,45161,MSOC
Ben Clark-Eden,45161,MSOC
Ben Clark-Eden,45162,MSOC
Ben Clark-Eden,45163,MSOC
Ben Clark-Eden,45164,MSOC
Ben Clark-Eden,45165,MSOC
Ben Clark-Eden,45161,MSOC
Ben Clark-Eden,45167,MSOC
Ben Clark-Eden,45168,MSOC
Ben Clark-Eden,45161,MSOC
Ben Clark-Eden,45161,MSOC
Ben Clark-Eden,45161,MSOC
Ben Clark-Eden,45174,MSOC
Ben Clark-Eden,45161,MSOC
Ben Clark-Eden,45176,MSOC
Ben Clark-Eden,45161,MSOC
Ben Clark-Eden,45178,MSOC
Ben Clark-Eden,45161,MSOC
Ben Clark-Eden,45180,MSOC
Ben Clark-Eden,45161,MSOC
Ben Clark-Eden,45182,MSOC
Jonny Novak,45161,MSOC
Jonny Novak,45162,MSOC
Jonny Novak,45163,MSOC
Jonny Novak,45164,MSOC
Jonny Novak,45165,MSOC
Jonny Novak,45161,MSOC
Jonny Novak,45167,MSOC
Jonny Novak,45168,MSOC
Jonny Novak,45161,MSOC
Jonny Novak,45171,MSOC
Jonny Novak,45161,MSOC
Jonny Novak,45161,MSOC
Jonny Novak,45161,MSOC
Jonny Novak,45161,MSOC
Jonny Novak,45178,MSOC
Jonny Novak,45161,MSOC
Jonny Novak,45161,MSOC
Jonny Novak,45182,MSOC
Lau ten Cate,45161,MSOC
Lau ten Cate,45162,MSOC
Lau ten Cate,45163,MSOC
Lau ten Cate,45164,MSOC
Lau ten Cate,45165,MSOC
Lau ten Cate,45161,MSOC
Lau ten Cate,45167,MSOC
Lau ten Cate,45168,MSOC
Lau ten Cate,45161,MSOC
Lau ten Cate,45171,MSOC
Lau ten Cate,45161,MSOC
Lau ten Cate,45161,MSOC
Lau ten Cate,45161,MSOC
Lau ten Cate,45176,MSOC
Lau ten Cate,45161,MSOC
Lau ten Cate,45161,MSOC
Lau ten Cate,45180,MSOC
Lau ten Cate,45161,MSOC
Declan Sung,45161,MSOC
Declan Sung,45162,MSOC
Declan Sung,45163,MSOC
Declan Sung,45164,MSOC
Declan Sung,45165,MSOC
Declan Sung,45161,MSOC
Declan Sung,45167,MSOC
Declan Sung,45168,MSOC
Declan Sung,45161,MSOC
Declan Sung,45171,MSOC
Declan Sung,45161,MSOC
Declan Sung,45161,MSOC
Declan Sung,45174,MSOC
Declan Sung,45161,MSOC
Declan Sung,45176,MSOC
Declan Sung,45161,MSOC
Declan Sung,45178,MSOC
Declan Sung,45161,MSOC
Declan Sung,45180,MSOC
Declan Sung,45161,MSOC
Declan Sung,45182,MSOC
Simon Kalinauskas,45161,MSOC
Simon Kalinauskas,45162,MSOC
Simon Kalinauskas,45163,MSOC
Simon Kalinauskas,45164,MSOC
Simon Kalinauskas,45165,MSOC
Simon Kalinauskas,45161,MSOC
Simon Kalinauskas,45167,MSOC
Simon Kalinauskas,45168,MSOC
Simon Kalinauskas,45161,MSOC
Simon Kalinauskas,45170,MSOC
Simon Kalinauskas,45171,MSOC
Simon Kalinauskas,45161,MSOC
Simon Kalinauskas,45161,MSOC
Simon Kalinauskas,45174,MSOC
Simon Kalinauskas,45161,MSOC
Simon Kalinauskas,45176,MSOC
Simon Kalinauskas,45161,MSOC
Simon Kalinauskas,45178,MSOC
Simon Kalinauskas,45161,MSOC
Simon Kalinauskas,45180,MSOC
Simon Kalinauskas,45161,MSOC
Simon Kalinauskas,45182,MSOC
Andrew Tremante,45161,MSOC
Andrew Tremante,45162,MSOC
Andrew Tremante,45163,MSOC
Andrew Tremante,45164,MSOC
Andrew Tremante,45165,MSOC
Andrew Tremante,45161,MSOC
Andrew Tremante,45167,MSOC
Andrew Tremante,45168,MSOC
Andrew Tremante,45161,MSOC
Andrew Tremante,45161,MSOC
Andrew Tremante,45161,MSOC
Andrew Tremante,45174,MSOC
Andrew Tremante,45161,MSOC
Andrew Tremante,45176,MSOC
Andrew Tremante,45161,MSOC
Andrew Tremante,45161,MSOC
Andrew Tremante,45161,MSOC
Wyatt McCarthy,45161,MSOC
Wyatt McCarthy,45162,MSOC
Wyatt McCarthy,45163,MSOC
Wyatt McCarthy,45164,MSOC
Wyatt McCarthy,45165,MSOC
Wyatt McCarthy,45161,MSOC
Wyatt McCarthy,45167,MSOC
Wyatt McCarthy,45168,MSOC
Wyatt McCarthy,45161,MSOC
Wyatt McCarthy,45171,MSOC
Wyatt McCarthy,45161,MSOC
Wyatt McCarthy,45161,MSOC
Wyatt McCarthy,45174,MSOC
Wyatt McCarthy,45161,MSOC
Wyatt McCarthy,45176,MSOC
Wyatt McCarthy,45161,MSOC
Wyatt McCarthy,45178,MSOC
Wyatt McCarthy,45161,MSOC
Wyatt McCarthy,45180,MSOC
Wyatt McCarthy,45161,MSOC
Wyatt McCarthy,45182,MSOC
Niall Murphy,45161,MSOC
Niall Murphy,45162,MSOC
Niall Murphy,45163,MSOC
Niall Murphy,45164,MSOC
Niall Murphy,45165,MSOC
Niall Murphy,45161,MSOC
Niall Murphy,45167,MSOC
Niall Murphy,45168,MSOC
Niall Murphy,45161,MSOC
Niall Murphy,45161,MSOC
Niall Murphy,45161,MSOC
Niall Murphy,45174,MSOC
Niall Murphy,45161,MSOC
Niall Murphy,45161,MSOC
Niall Murphy,45178,MSOC
Niall Murphy,45161,MSOC
Niall Murphy,45180,MSOC
Niall Murphy,45161,MSOC
Niall Murphy,45182,MSOC
Carter Gonya,45161,MSOC
Carter Gonya,45162,MSOC
Carter Gonya,45163,MSOC
Carter Gonya,45164,MSOC
Carter Gonya,45165,MSOC
Carter Gonya,45161,MSOC
Carter Gonya,45167,MSOC
Carter Gonya,45168,MSOC
Carter Gonya,45161,MSOC
Carter Gonya,45161,MSOC
Carter Gonya,45161,MSOC
Carter Gonya,45161,MSOC
Carter Gonya,45161,MSOC
Carter Gonya,45161,MSOC
Carter Gonya,45180,MSOC
Carter Gonya,45161,MSOC
Ioannis Hadjiyiannis,45161,MSOC
Ioannis Hadjiyiannis,45162,MSOC
Ioannis Hadjiyiannis,45163,MSOC
Ioannis Hadjiyiannis,45165,MSOC
Ioannis Hadjiyiannis,45161,MSOC
Ioannis Hadjiyiannis,45167,MSOC
Ioannis Hadjiyiannis,45168,MSOC
Ioannis Hadjiyiannis,45161,MSOC
Ioannis Hadjiyiannis,45171,MSOC
Ioannis Hadjiyiannis,45161,MSOC
Ioannis Hadjiyiannis,45161,MSOC
Ioannis Hadjiyiannis,45174,MSOC
Ioannis Hadjiyiannis,45161,MSOC
Ioannis Hadjiyiannis,45176,MSOC
Ioannis Hadjiyiannis,45161,MSOC
Ioannis Hadjiyiannis,45161,MSOC
Ioannis Hadjiyiannis,45180,MSOC
Ioannis Hadjiyiannis,45161,MSOC
Luka Ohadike,45161,MSOC
Luka Ohadike,45162,MSOC
Luka Ohadike,45164,MSOC
Luka Ohadike,45165,MSOC
Luka Ohadike,45161,MSOC
Luka Ohadike,45167,MSOC
Luka Ohadike,45168,MSOC
Luka Ohadike,45161,MSOC
Luka Ohadike,45161,MSOC
Luka Ohadike,45161,MSOC
Luka Ohadike,45174,MSOC
Luka Ohadike,45161,MSOC
Luka Ohadike,45176,MSOC
Luka Ohadike,45161,MSOC
Luka Ohadike,45178,MSOC
Luka Ohadike,45161,MSOC
Luka Ohadike,45180,MSOC
Luka Ohadike,45161,MSOC
Luka Ohadike,45182,MSOC
Adrian Trott,45161,MSOC
Adrian Trott,45163,MSOC
Adrian Trott,45164,MSOC
Adrian Trott,45165,MSOC
Adrian Trott,45161,MSOC
Adrian Trott,45167,MSOC
Adrian Trott,45168,MSOC
Adrian Trott,45161,MSOC
Adrian Trott,45161,MSOC
Adrian Trott,45161,MSOC
Adrian Trott,45174,MSOC
Adrian Trott,45161,MSOC
Adrian Trott,45161,MSOC
Adrian Trott,45178,MSOC
Adrian Trott,45161,MSOC
Adrian Trott,45180,MSOC
Adrian Trott,45161,MSOC
Adrian Trott,45182,MSOC
Ryan Gomez,45161,MSOC
Ryan Gomez,45162,MSOC
Ryan Gomez,45163,MSOC
Ryan Gomez,45164,MSOC
Ryan Gomez,45165,MSOC
Ryan Gomez,45161,MSOC
Ryan Gomez,45167,MSOC
Ryan Gomez,45168,MSOC
Ryan Gomez,45161,MSOC
Ryan Gomez,45170,MSOC
Ryan Gomez,45171,MSOC
Ryan Gomez,45161,MSOC
Ryan Gomez,45161,MSOC
Ryan Gomez,45174,MSOC
Ryan Gomez,45161,MSOC
Ryan Gomez,45161,MSOC
Ryan Gomez,45178,MSOC
Ryan Gomez,45161,MSOC
Ryan Gomez,45180,MSOC
Ryan Gomez,45161,MSOC
Ryan Gomez,45182,MSOC
Ugnius Selvenis,45161,MSOC
Ugnius Selvenis,45162,MSOC
Ugnius Selvenis,45163,MSOC
Ugnius Selvenis,45164,MSOC
Ugnius Selvenis,45165,MSOC
Ugnius Selvenis,45161,MSOC
Ugnius Selvenis,45167,MSOC
Ugnius Selvenis,45168,MSOC
Ugnius Selvenis,45161,MSOC
Ugnius Selvenis,45171,MSOC
Ugnius Selvenis,45161,MSOC
Ugnius Selvenis,45161,MSOC
Ugnius Selvenis,45174,MSOC
Ugnius Selvenis,45161,MSOC
Ugnius Selvenis,45176,MSOC
Ugnius Selvenis,45161,MSOC
Ugnius Selvenis,45161,MSOC
Ugnius Selvenis,45180,MSOC
Ugnius Selvenis,45161,MSOC
Ugnius Selvenis,45182,MSOC
Mohammed Nuhu,45161,MSOC
Mohammed Nuhu,45162,MSOC
Mohammed Nuhu,45163,MSOC
Mohammed Nuhu,45164,MSOC
Mohammed Nuhu,45165,MSOC
Mohammed Nuhu,45161,MSOC
Mohammed Nuhu,45167,MSOC
Mohammed Nuhu,45168,MSOC
Mohammed Nuhu,45161,MSOC
Mohammed Nuhu,45161,MSOC
Mohammed Nuhu,45161,MSOC
Mohammed Nuhu,45174,MSOC
Mohammed Nuhu,45161,MSOC
Mohammed Nuhu,45176,MSOC
Mohammed Nuhu,45161,MSOC
Mohammed Nuhu,45178,MSOC
Mohammed Nuhu,45161,MSOC
Mohammed Nuhu,45180,MSOC
Mohammed Nuhu,45161,MSOC
Mohammed Nuhu,45182,MSOC
Micah Valadez-Bush,45161,MSOC
Micah Valadez-Bush,45161,MSOC
Micah Valadez-Bush,45167,MSOC
Micah Valadez-Bush,45168,MSOC
Micah Valadez-Bush,45161,MSOC
Micah Valadez-Bush,45161,MSOC
Micah Valadez-Bush,45161,MSOC
Micah Valadez-Bush,45174,MSOC
Micah Valadez-Bush,45161,MSOC
Micah Valadez-Bush,45176,MSOC
Micah Valadez-Bush,45161,MSOC
Micah Valadez-Bush,45178,MSOC
Micah Valadez-Bush,45161,MSOC
Micah Valadez-Bush,45161,MSOC
Micah Valadez-Bush,45182,MSOC
Ignacio Cubeddu,45161,MSOC
Ignacio Cubeddu,45163,MSOC
Ignacio Cubeddu,45165,MSOC
Ignacio Cubeddu,45161,MSOC
Ignacio Cubeddu,45167,MSOC
Ignacio Cubeddu,45161,MSOC
Ignacio Cubeddu,45171,MSOC
Ignacio Cubeddu,45161,MSOC
Ignacio Cubeddu,45161,MSOC
Ignacio Cubeddu,45174,MSOC
Ignacio Cubeddu,45161,MSOC
Ignacio Cubeddu,45161,MSOC
Ignacio Cubeddu,45178,MSOC
Ignacio Cubeddu,45161,MSOC
Ignacio Cubeddu,45161,MSOC
Ada Okorogheye,45161,MSOC
Ada Okorogheye,45162,MSOC
Ada Okorogheye,45163,MSOC
Ada Okorogheye,45164,MSOC
Ada Okorogheye,45165,MSOC
Ada Okorogheye,45161,MSOC
Ada Okorogheye,45167,MSOC
Ada Okorogheye,45168,MSOC
Ada Okorogheye,45161,MSOC
Ada Okorogheye,45171,MSOC
Ada Okorogheye,45161,MSOC
Ada Okorogheye,45161,MSOC
Ada Okorogheye,45174,MSOC
Ada Okorogheye,45161,MSOC
Ada Okorogheye,45176,MSOC
Ada Okorogheye,45161,MSOC
Ada Okorogheye,45178,MSOC
Ada Okorogheye,45161,MSOC
Ada Okorogheye,45180,MSOC
Ada Okorogheye,45161,MSOC
Ada Okorogheye,45182,MSOC
James Street,45161,MSOC
James Street,45162,MSOC
James Street,45163,MSOC
James Street,45164,MSOC
James Street,45165,MSOC
James Street,45161,MSOC
James Street,45167,MSOC
James Street,45168,MSOC
James Street,45161,MSOC
James Street,45171,MSOC
James Street,45161,MSOC
James Street,45161,MSOC
James Street,45174,MSOC
James Street,45161,MSOC
James Street,45176,MSOC
James Street,45161,MSOC
James Street,45161,MSOC
James Street,45180,MSOC
James Street,45161,MSOC
Lucas Liu,45161,MSOC
Lucas Liu,45162,MSOC
Lucas Liu,45163,MSOC
Lucas Liu,45164,MSOC
Lucas Liu,45165,MSOC
Lucas Liu,45161,MSOC
Lucas Liu,45167,MSOC
Lucas Liu,45168,MSOC
Lucas Liu,45161,MSOC
Lucas Liu,45171,MSOC
Lucas Liu,45161,MSOC
Lucas Liu,45161,MSOC
Lucas Liu,45174,MSOC
Lucas Liu,45161,MSOC
Lucas Liu,45176,MSOC
Lucas Liu,45161,MSOC
Lucas Liu,45178,MSOC
Lucas Liu,45161,MSOC
Lucas Liu,45180,MSOC
Lucas Liu,45161,MSOC
Fynn Hayton-Ruffner,45161,MSOC
Fynn Hayton-Ruffner,45162,MSOC
Fynn Hayton-Ruffner,45161,MSOC
Fynn Hayton-Ruffner,45167,MSOC
Fynn Hayton-Ruffner,45168,MSOC
Fynn Hayton-Ruffner,45161,MSOC
Fynn Hayton-Ruffner,45161,MSOC
Fynn Hayton-Ruffner,45161,MSOC
Fynn Hayton-Ruffner,45161,MSOC
Fynn Hayton-Ruffner,45161,MSOC
Fynn Hayton-Ruffner,45161,MSOC
Fynn Hayton-Ruffner,45161,MSOC
